call,M,K,N,K_w,cores,ns,cfg,gather_in0,act,in0_mem,in1_mem,in1_dtype,out_mem,bias,fidelity,pm_ideal_ns,fpu_util
2424832,32,4096,128256,4096,63,2976964.0,1D mcast,0,,L1_WS,DRAM_IL,BFLOAT8_B,L1_WS,,LoFi,1896348.0,
1776640,32,14336,4096,14336,64,253715.0,DRAM-sharded,,,L1_WS,DRAM_WS,BFLOAT8_B,L1_WS,,HiFi2,211967.0,
1530880,32,14336,4096,14336,64,253286.0,DRAM-sharded,,,L1_WS,DRAM_WS,BFLOAT8_B,L1_WS,,HiFi2,211967.0,
1469440,32,14336,4096,14336,64,253265.0,DRAM-sharded,,,L1_WS,DRAM_WS,BFLOAT8_B,L1_WS,,HiFi2,211967.0,
1930240,32,14336,4096,14336,64,253263.0,DRAM-sharded,,,L1_WS,DRAM_WS,BFLOAT8_B,L1_WS,,HiFi2,211967.0,
1715200,32,14336,4096,14336,64,253171.0,DRAM-sharded,,,L1_WS,DRAM_WS,BFLOAT8_B,L1_WS,,HiFi2,211967.0,
1868800,32,14336,4096,14336,64,253160.0,DRAM-sharded,,,L1_WS,DRAM_WS,BFLOAT8_B,L1_WS,,HiFi2,211967.0,
1561600,32,14336,4096,14336,64,253158.0,DRAM-sharded,,,L1_WS,DRAM_WS,BFLOAT8_B,L1_WS,,HiFi2,211967.0,
2391040,32,14336,4096,14336,64,253150.0,DRAM-sharded,,,L1_WS,DRAM_WS,BFLOAT8_B,L1_WS,,HiFi2,211967.0,
2206720,32,14336,4096,14336,64,253067.0,DRAM-sharded,,,L1_WS,DRAM_WS,BFLOAT8_B,L1_WS,,HiFi2,211967.0,
2053120,32,14336,4096,14336,64,253046.0,DRAM-sharded,,,L1_WS,DRAM_WS,BFLOAT8_B,L1_WS,,HiFi2,211967.0,
2022400,32,14336,4096,14336,64,253038.0,DRAM-sharded,,,L1_WS,DRAM_WS,BFLOAT8_B,L1_WS,,HiFi2,211967.0,
1592320,32,14336,4096,14336,64,253037.0,DRAM-sharded,,,L1_WS,DRAM_WS,BFLOAT8_B,L1_WS,,HiFi2,211967.0,
2298880,32,14336,4096,14336,64,252991.0,DRAM-sharded,,,L1_WS,DRAM_WS,BFLOAT8_B,L1_WS,,HiFi2,211967.0,
1653760,32,14336,4096,14336,64,252945.0,DRAM-sharded,,,L1_WS,DRAM_WS,BFLOAT8_B,L1_WS,,HiFi2,211967.0,
1745920,32,14336,4096,14336,64,252873.0,DRAM-sharded,,,L1_WS,DRAM_WS,BFLOAT8_B,L1_WS,,HiFi2,211967.0,
2237440,32,14336,4096,14336,64,252844.0,DRAM-sharded,,,L1_WS,DRAM_WS,BFLOAT8_B,L1_WS,,HiFi2,211967.0,
2421760,32,14336,4096,14336,63,252770.0,DRAM-sharded,,,L1_WS,DRAM_WS,BFLOAT8_B,L1_WS,,HiFi2,211967.0,
1960960,32,14336,4096,14336,64,252769.0,DRAM-sharded,,,L1_WS,DRAM_WS,BFLOAT8_B,L1_WS,,HiFi2,211967.0,
1899520,32,14336,4096,14336,64,252713.0,DRAM-sharded,,,L1_WS,DRAM_WS,BFLOAT8_B,L1_WS,,HiFi2,211967.0,
1500160,32,14336,4096,14336,64,252545.0,DRAM-sharded,,,L1_WS,DRAM_WS,BFLOAT8_B,L1_WS,,HiFi2,211967.0,
1623040,32,14336,4096,14336,64,252470.0,DRAM-sharded,,,L1_WS,DRAM_WS,BFLOAT8_B,L1_WS,,HiFi2,211967.0,
2360320,32,14336,4096,14336,64,252454.0,DRAM-sharded,,,L1_WS,DRAM_WS,BFLOAT8_B,L1_WS,,HiFi2,211967.0,
2083840,32,14336,4096,14336,64,252414.0,DRAM-sharded,,,L1_WS,DRAM_WS,BFLOAT8_B,L1_WS,,HiFi2,211967.0,
2145280,32,14336,4096,14336,64,252385.0,DRAM-sharded,,,L1_WS,DRAM_WS,BFLOAT8_B,L1_WS,,HiFi2,211967.0,
1991680,32,14336,4096,14336,64,252349.0,DRAM-sharded,,,L1_WS,DRAM_WS,BFLOAT8_B,L1_WS,,HiFi2,211967.0,
2329600,32,14336,4096,14336,64,252332.0,DRAM-sharded,,,L1_WS,DRAM_WS,BFLOAT8_B,L1_WS,,HiFi2,211967.0,
2114560,32,14336,4096,14336,64,252253.0,DRAM-sharded,,,L1_WS,DRAM_WS,BFLOAT8_B,L1_WS,,HiFi2,211967.0,
2176000,32,14336,4096,14336,64,252045.0,DRAM-sharded,,,L1_WS,DRAM_WS,BFLOAT8_B,L1_WS,,HiFi2,211967.0,
1838080,32,14336,4096,14336,64,252041.0,DRAM-sharded,,,L1_WS,DRAM_WS,BFLOAT8_B,L1_WS,,HiFi2,211967.0,
1684480,32,14336,4096,14336,64,251850.0,DRAM-sharded,,,L1_WS,DRAM_WS,BFLOAT8_B,L1_WS,,HiFi2,211967.0,
2268160,32,14336,4096,14336,64,251848.0,DRAM-sharded,,,L1_WS,DRAM_WS,BFLOAT8_B,L1_WS,,HiFi2,211967.0,
1807360,32,14336,4096,14336,64,251831.0,DRAM-sharded,,,L1_WS,DRAM_WS,BFLOAT8_B,L1_WS,,HiFi2,211967.0,
1588224,32,4096,14336,4096,64,144365.0,DRAM-sharded,,,L1_WS,DRAM_WS,BFLOAT4_B,L1_WS,,LoFi,211967.0,
2142208,32,4096,14336,4096,64,144179.0,DRAM-sharded,,,L1_WS,DRAM_WS,BFLOAT4_B,L1_WS,,LoFi,211967.0,
1833984,32,4096,14336,4096,64,144140.0,DRAM-sharded,,,L1_WS,DRAM_WS,BFLOAT4_B,L1_WS,,LoFi,211967.0,
1680384,32,4096,14336,4096,64,143967.0,DRAM-sharded,,,L1_WS,DRAM_WS,BFLOAT4_B,L1_WS,,LoFi,211967.0,
1835008,32,4096,14336,4096,64,143844.0,DRAM-sharded,,,L1_WS,DRAM_WS,BFLOAT4_B,L1_WS,,LoFi,211967.0,
2417664,32,4096,14336,4096,64,143696.0,DRAM-sharded,,,L1_WS,DRAM_WS,BFLOAT4_B,L1_WS,,LoFi,211967.0,
2171904,32,4096,14336,4096,64,143649.0,DRAM-sharded,,,L1_WS,DRAM_WS,BFLOAT4_B,L1_WS,,LoFi,211967.0,
2172928,32,4096,14336,4096,64,143646.0,DRAM-sharded,,,L1_WS,DRAM_WS,BFLOAT4_B,L1_WS,,LoFi,211967.0,
1804288,32,4096,14336,4096,64,143626.0,DRAM-sharded,,,L1_WS,DRAM_WS,BFLOAT4_B,L1_WS,,LoFi,211967.0,
1711104,32,4096,14336,4096,64,143596.0,DRAM-sharded,,,L1_WS,DRAM_WS,BFLOAT4_B,L1_WS,,LoFi,211967.0,
2294784,32,4096,14336,4096,64,143595.0,DRAM-sharded,,,L1_WS,DRAM_WS,BFLOAT4_B,L1_WS,,LoFi,211967.0,
1589248,32,4096,14336,4096,64,143491.0,DRAM-sharded,,,L1_WS,DRAM_WS,BFLOAT4_B,L1_WS,,LoFi,211967.0,
1895424,32,4096,14336,4096,64,143441.0,DRAM-sharded,,,L1_WS,DRAM_WS,BFLOAT4_B,L1_WS,,LoFi,211967.0,
1465344,32,4096,14336,4096,64,143386.0,DRAM-sharded,,,L1_WS,DRAM_WS,BFLOAT4_B,L1_WS,,LoFi,211967.0,
1496064,32,4096,14336,4096,64,143375.0,DRAM-sharded,,,L1_WS,DRAM_WS,BFLOAT4_B,L1_WS,,LoFi,211967.0,
1526784,32,4096,14336,4096,64,143370.0,DRAM-sharded,,,L1_WS,DRAM_WS,BFLOAT4_B,L1_WS,,LoFi,211967.0,
1803264,32,4096,14336,4096,64,143349.0,DRAM-sharded,,,L1_WS,DRAM_WS,BFLOAT4_B,L1_WS,,LoFi,211967.0,
2418688,32,4096,14336,4096,64,143339.0,DRAM-sharded,,,L1_WS,DRAM_WS,BFLOAT4_B,L1_WS,,LoFi,211967.0,
2264064,32,4096,14336,4096,64,143332.0,DRAM-sharded,,,L1_WS,DRAM_WS,BFLOAT4_B,L1_WS,,LoFi,211967.0,
2386944,32,4096,14336,4096,64,143316.0,DRAM-sharded,,,L1_WS,DRAM_WS,BFLOAT4_B,L1_WS,,LoFi,211967.0,
2018304,32,4096,14336,4096,64,143271.0,DRAM-sharded,,,L1_WS,DRAM_WS,BFLOAT4_B,L1_WS,,LoFi,211967.0,
2050048,32,4096,14336,4096,64,143252.0,DRAM-sharded,,,L1_WS,DRAM_WS,BFLOAT4_B,L1_WS,,LoFi,211967.0,
1712128,32,4096,14336,4096,64,143248.0,DRAM-sharded,,,L1_WS,DRAM_WS,BFLOAT4_B,L1_WS,,LoFi,211967.0,
1681408,32,4096,14336,4096,64,143245.0,DRAM-sharded,,,L1_WS,DRAM_WS,BFLOAT4_B,L1_WS,,LoFi,211967.0,
2141184,32,4096,14336,4096,64,143229.0,DRAM-sharded,,,L1_WS,DRAM_WS,BFLOAT4_B,L1_WS,,LoFi,211967.0,
2110464,32,4096,14336,4096,64,143211.0,DRAM-sharded,,,L1_WS,DRAM_WS,BFLOAT4_B,L1_WS,,LoFi,211967.0,
2049024,32,4096,14336,4096,64,143132.0,DRAM-sharded,,,L1_WS,DRAM_WS,BFLOAT4_B,L1_WS,,LoFi,211967.0,
2295808,32,4096,14336,4096,64,143126.0,DRAM-sharded,,,L1_WS,DRAM_WS,BFLOAT4_B,L1_WS,,LoFi,211967.0,
1527808,32,4096,14336,4096,64,143101.0,DRAM-sharded,,,L1_WS,DRAM_WS,BFLOAT4_B,L1_WS,,LoFi,211967.0,
1956864,32,4096,14336,4096,64,143089.0,DRAM-sharded,,,L1_WS,DRAM_WS,BFLOAT4_B,L1_WS,,LoFi,211967.0,
2265088,32,4096,14336,4096,64,143022.0,DRAM-sharded,,,L1_WS,DRAM_WS,BFLOAT4_B,L1_WS,,LoFi,211967.0,
1557504,32,4096,14336,4096,64,142984.0,DRAM-sharded,,,L1_WS,DRAM_WS,BFLOAT4_B,L1_WS,,LoFi,211967.0,
1772544,32,4096,14336,4096,64,142975.0,DRAM-sharded,,,L1_WS,DRAM_WS,BFLOAT4_B,L1_WS,,LoFi,211967.0,
1864704,32,4096,14336,4096,64,142973.0,DRAM-sharded,,,L1_WS,DRAM_WS,BFLOAT4_B,L1_WS,,LoFi,211967.0,
2325504,32,4096,14336,4096,64,142973.0,DRAM-sharded,,,L1_WS,DRAM_WS,BFLOAT4_B,L1_WS,,LoFi,211967.0,
1957888,32,4096,14336,4096,64,142908.0,DRAM-sharded,,,L1_WS,DRAM_WS,BFLOAT4_B,L1_WS,,LoFi,211967.0,
1926144,32,4096,14336,4096,64,142886.0,DRAM-sharded,,,L1_WS,DRAM_WS,BFLOAT4_B,L1_WS,,LoFi,211967.0,
1618944,32,4096,14336,4096,64,142873.0,DRAM-sharded,,,L1_WS,DRAM_WS,BFLOAT4_B,L1_WS,,LoFi,211967.0,
2233344,32,4096,14336,4096,64,142855.0,DRAM-sharded,,,L1_WS,DRAM_WS,BFLOAT4_B,L1_WS,,LoFi,211967.0,
2234368,32,4096,14336,4096,64,142854.0,DRAM-sharded,,,L1_WS,DRAM_WS,BFLOAT4_B,L1_WS,,LoFi,211967.0,
1987584,32,4096,14336,4096,64,142843.0,DRAM-sharded,,,L1_WS,DRAM_WS,BFLOAT4_B,L1_WS,,LoFi,211967.0,
1649664,32,4096,14336,4096,64,142808.0,DRAM-sharded,,,L1_WS,DRAM_WS,BFLOAT4_B,L1_WS,,LoFi,211967.0,
2079744,32,4096,14336,4096,64,142788.0,DRAM-sharded,,,L1_WS,DRAM_WS,BFLOAT4_B,L1_WS,,LoFi,211967.0,
2356224,32,4096,14336,4096,64,142747.0,DRAM-sharded,,,L1_WS,DRAM_WS,BFLOAT4_B,L1_WS,,LoFi,211967.0,
1741824,32,4096,14336,4096,64,142714.0,DRAM-sharded,,,L1_WS,DRAM_WS,BFLOAT4_B,L1_WS,,LoFi,211967.0,
2202624,32,4096,14336,4096,64,142670.0,DRAM-sharded,,,L1_WS,DRAM_WS,BFLOAT4_B,L1_WS,,LoFi,211967.0,
2326528,32,4096,14336,4096,64,142644.0,DRAM-sharded,,,L1_WS,DRAM_WS,BFLOAT4_B,L1_WS,,LoFi,211967.0,
1742848,32,4096,14336,4096,64,142425.0,DRAM-sharded,,,L1_WS,DRAM_WS,BFLOAT4_B,L1_WS,,LoFi,211967.0,
1773568,32,4096,14336,4096,64,142390.0,DRAM-sharded,,,L1_WS,DRAM_WS,BFLOAT4_B,L1_WS,,LoFi,211967.0,
1497088,32,4096,14336,4096,64,142387.0,DRAM-sharded,,,L1_WS,DRAM_WS,BFLOAT4_B,L1_WS,,LoFi,211967.0,
2203648,32,4096,14336,4096,64,142355.0,DRAM-sharded,,,L1_WS,DRAM_WS,BFLOAT4_B,L1_WS,,LoFi,211967.0,
1896448,32,4096,14336,4096,64,142312.0,DRAM-sharded,,,L1_WS,DRAM_WS,BFLOAT4_B,L1_WS,,LoFi,211967.0,
1988608,32,4096,14336,4096,64,142291.0,DRAM-sharded,,,L1_WS,DRAM_WS,BFLOAT4_B,L1_WS,,LoFi,211967.0,
2111488,32,4096,14336,4096,64,142289.0,DRAM-sharded,,,L1_WS,DRAM_WS,BFLOAT4_B,L1_WS,,LoFi,211967.0,
1619968,32,4096,14336,4096,64,142212.0,DRAM-sharded,,,L1_WS,DRAM_WS,BFLOAT4_B,L1_WS,,LoFi,211967.0,
1865728,32,4096,14336,4096,64,142189.0,DRAM-sharded,,,L1_WS,DRAM_WS,BFLOAT4_B,L1_WS,,LoFi,211967.0,
1466368,32,4096,14336,4096,64,142124.0,DRAM-sharded,,,L1_WS,DRAM_WS,BFLOAT4_B,L1_WS,,LoFi,211967.0,
2080768,32,4096,14336,4096,64,142097.0,DRAM-sharded,,,L1_WS,DRAM_WS,BFLOAT4_B,L1_WS,,LoFi,211967.0,
2387968,32,4096,14336,4096,64,142027.0,DRAM-sharded,,,L1_WS,DRAM_WS,BFLOAT4_B,L1_WS,,LoFi,211967.0,
2357248,32,4096,14336,4096,64,142020.0,DRAM-sharded,,,L1_WS,DRAM_WS,BFLOAT4_B,L1_WS,,LoFi,211967.0,
1650688,32,4096,14336,4096,64,141901.0,DRAM-sharded,,,L1_WS,DRAM_WS,BFLOAT4_B,L1_WS,,LoFi,211967.0,
2019328,32,4096,14336,4096,64,141844.0,DRAM-sharded,,,L1_WS,DRAM_WS,BFLOAT4_B,L1_WS,,LoFi,211967.0,
1927168,32,4096,14336,4096,64,141842.0,DRAM-sharded,,,L1_WS,DRAM_WS,BFLOAT4_B,L1_WS,,LoFi,211967.0,
1558528,32,4096,14336,4096,64,141788.0,DRAM-sharded,,,L1_WS,DRAM_WS,BFLOAT4_B,L1_WS,,LoFi,211967.0,
1504256,32,4096,6144,4096,64,116160.0,DRAM-sharded,,,L1_WS,DRAM_WS,BFLOAT8_B,L1_WS,,HiFi2,90843.0,
2026496,32,4096,6144,4096,64,115906.0,DRAM-sharded,,,L1_WS,DRAM_WS,BFLOAT8_B,L1_WS,,HiFi2,90843.0,
2087936,32,4096,6144,4096,64,115788.0,DRAM-sharded,,,L1_WS,DRAM_WS,BFLOAT8_B,L1_WS,,HiFi2,90843.0,
2395136,32,4096,6144,4096,64,115701.0,DRAM-sharded,,,L1_WS,DRAM_WS,BFLOAT8_B,L1_WS,,HiFi2,90843.0,
1995776,32,4096,6144,4096,64,115697.0,DRAM-sharded,,,L1_WS,DRAM_WS,BFLOAT8_B,L1_WS,,HiFi2,90843.0,
1657856,32,4096,6144,4096,64,115668.0,DRAM-sharded,,,L1_WS,DRAM_WS,BFLOAT8_B,L1_WS,,HiFi2,90843.0,
2118656,32,4096,6144,4096,64,115595.0,DRAM-sharded,,,L1_WS,DRAM_WS,BFLOAT8_B,L1_WS,,HiFi2,90843.0,
1965056,32,4096,6144,4096,64,115591.0,DRAM-sharded,,,L1_WS,DRAM_WS,BFLOAT8_B,L1_WS,,HiFi2,90843.0,
1534976,32,4096,6144,4096,64,115585.0,DRAM-sharded,,,L1_WS,DRAM_WS,BFLOAT8_B,L1_WS,,HiFi2,90843.0,
2180096,32,4096,6144,4096,64,115562.0,DRAM-sharded,,,L1_WS,DRAM_WS,BFLOAT8_B,L1_WS,,HiFi2,90843.0,
1842176,32,4096,6144,4096,64,115496.0,DRAM-sharded,,,L1_WS,DRAM_WS,BFLOAT8_B,L1_WS,,HiFi2,90843.0,
2364416,32,4096,6144,4096,64,115447.0,DRAM-sharded,,,L1_WS,DRAM_WS,BFLOAT8_B,L1_WS,,HiFi2,90843.0,
1872896,32,4096,6144,4096,64,115442.0,DRAM-sharded,,,L1_WS,DRAM_WS,BFLOAT8_B,L1_WS,,HiFi2,90843.0,
1473536,32,4096,6144,4096,64,115426.0,DRAM-sharded,,,L1_WS,DRAM_WS,BFLOAT8_B,L1_WS,,HiFi2,90843.0,
1811456,32,4096,6144,4096,64,115397.0,DRAM-sharded,,,L1_WS,DRAM_WS,BFLOAT8_B,L1_WS,,HiFi2,90843.0,
2302976,32,4096,6144,4096,64,115340.0,DRAM-sharded,,,L1_WS,DRAM_WS,BFLOAT8_B,L1_WS,,HiFi2,90843.0,
2149376,32,4096,6144,4096,64,115328.0,DRAM-sharded,,,L1_WS,DRAM_WS,BFLOAT8_B,L1_WS,,HiFi2,90843.0,
2272256,32,4096,6144,4096,64,115284.0,DRAM-sharded,,,L1_WS,DRAM_WS,BFLOAT8_B,L1_WS,,HiFi2,90843.0,
1934336,32,4096,6144,4096,64,115218.0,DRAM-sharded,,,L1_WS,DRAM_WS,BFLOAT8_B,L1_WS,,HiFi2,90843.0,
2057216,32,4096,6144,4096,64,115214.0,DRAM-sharded,,,L1_WS,DRAM_WS,BFLOAT8_B,L1_WS,,HiFi2,90843.0,
1565696,32,4096,6144,4096,64,115195.0,DRAM-sharded,,,L1_WS,DRAM_WS,BFLOAT8_B,L1_WS,,HiFi2,90843.0,
2333696,32,4096,6144,4096,64,115189.0,DRAM-sharded,,,L1_WS,DRAM_WS,BFLOAT8_B,L1_WS,,HiFi2,90843.0,
1903616,32,4096,6144,4096,64,115162.0,DRAM-sharded,,,L1_WS,DRAM_WS,BFLOAT8_B,L1_WS,,HiFi2,90843.0,
2210816,32,4096,6144,4096,64,115153.0,DRAM-sharded,,,L1_WS,DRAM_WS,BFLOAT8_B,L1_WS,,HiFi2,90843.0,
1596416,32,4096,6144,4096,64,115115.0,DRAM-sharded,,,L1_WS,DRAM_WS,BFLOAT8_B,L1_WS,,HiFi2,90843.0,
1688576,32,4096,6144,4096,64,115072.0,DRAM-sharded,,,L1_WS,DRAM_WS,BFLOAT8_B,L1_WS,,HiFi2,90843.0,
1780736,32,4096,6144,4096,64,114969.0,DRAM-sharded,,,L1_WS,DRAM_WS,BFLOAT8_B,L1_WS,,HiFi2,90843.0,
1719296,32,4096,6144,4096,64,114967.0,DRAM-sharded,,,L1_WS,DRAM_WS,BFLOAT8_B,L1_WS,,HiFi2,90843.0,
1409024,32,4096,6144,4096,64,114928.0,DRAM-sharded,,,L1_WS,DRAM_WS,BFLOAT8_B,L1_WS,,HiFi2,90843.0,
1750016,32,4096,6144,4096,64,114874.0,DRAM-sharded,,,L1_WS,DRAM_WS,BFLOAT8_B,L1_WS,,HiFi2,90843.0,
1627136,32,4096,6144,4096,64,114827.0,DRAM-sharded,,,L1_WS,DRAM_WS,BFLOAT8_B,L1_WS,,HiFi2,90843.0,
2241536,32,4096,6144,4096,64,114515.0,DRAM-sharded,,,L1_WS,DRAM_WS,BFLOAT8_B,L1_WS,,HiFi2,90843.0,
1768448,32,4096,4096,4096,64,81495.0,DRAM-sharded,,,L1_WS,DRAM_WS,BFLOAT8_B,L1_WS,,HiFi2,60562.0,
2321408,32,4096,4096,4096,64,81160.0,DRAM-sharded,,,L1_WS,DRAM_WS,BFLOAT8_B,L1_WS,,HiFi2,60562.0,
1522688,32,4096,4096,4096,64,81150.0,DRAM-sharded,,,L1_WS,DRAM_WS,BFLOAT8_B,L1_WS,,HiFi2,60562.0,
1891328,32,4096,4096,4096,64,81150.0,DRAM-sharded,,,L1_WS,DRAM_WS,BFLOAT8_B,L1_WS,,HiFi2,60562.0,
2382848,32,4096,4096,4096,64,81110.0,DRAM-sharded,,,L1_WS,DRAM_WS,BFLOAT8_B,L1_WS,,HiFi2,60562.0,
2075648,32,4096,4096,4096,64,81105.0,DRAM-sharded,,,L1_WS,DRAM_WS,BFLOAT8_B,L1_WS,,HiFi2,60562.0,
2044928,32,4096,4096,4096,64,81061.0,DRAM-sharded,,,L1_WS,DRAM_WS,BFLOAT8_B,L1_WS,,HiFi2,60562.0,
2229248,32,4096,4096,4096,64,81027.0,DRAM-sharded,,,L1_WS,DRAM_WS,BFLOAT8_B,L1_WS,,HiFi2,60562.0,
2167808,32,4096,4096,4096,64,80961.0,DRAM-sharded,,,L1_WS,DRAM_WS,BFLOAT8_B,L1_WS,,HiFi2,60562.0,
2137088,32,4096,4096,4096,64,80904.0,DRAM-sharded,,,L1_WS,DRAM_WS,BFLOAT8_B,L1_WS,,HiFi2,60562.0,
2413568,32,4096,4096,4096,64,80821.0,DRAM-sharded,,,L1_WS,DRAM_WS,BFLOAT8_B,L1_WS,,HiFi2,60562.0,
2352128,32,4096,4096,4096,64,80820.0,DRAM-sharded,,,L1_WS,DRAM_WS,BFLOAT8_B,L1_WS,,HiFi2,60562.0,
1799168,32,4096,4096,4096,64,80736.0,DRAM-sharded,,,L1_WS,DRAM_WS,BFLOAT8_B,L1_WS,,HiFi2,60562.0,
2014208,32,4096,4096,4096,64,80718.0,DRAM-sharded,,,L1_WS,DRAM_WS,BFLOAT8_B,L1_WS,,HiFi2,60562.0,
1829888,32,4096,4096,4096,64,80663.0,DRAM-sharded,,,L1_WS,DRAM_WS,BFLOAT8_B,L1_WS,,HiFi2,60562.0,
2259968,32,4096,4096,4096,64,80656.0,DRAM-sharded,,,L1_WS,DRAM_WS,BFLOAT8_B,L1_WS,,HiFi2,60562.0,
1737728,32,4096,4096,4096,64,80620.0,DRAM-sharded,,,L1_WS,DRAM_WS,BFLOAT8_B,L1_WS,,HiFi2,60562.0,
1983488,32,4096,4096,4096,64,80597.0,DRAM-sharded,,,L1_WS,DRAM_WS,BFLOAT8_B,L1_WS,,HiFi2,60562.0,
1645568,32,4096,4096,4096,64,80596.0,DRAM-sharded,,,L1_WS,DRAM_WS,BFLOAT8_B,L1_WS,,HiFi2,60562.0,
1860608,32,4096,4096,4096,64,80566.0,DRAM-sharded,,,L1_WS,DRAM_WS,BFLOAT8_B,L1_WS,,HiFi2,60562.0,
2198528,32,4096,4096,4096,64,80488.0,DRAM-sharded,,,L1_WS,DRAM_WS,BFLOAT8_B,L1_WS,,HiFi2,60562.0,
1707008,32,4096,4096,4096,64,80478.0,DRAM-sharded,,,L1_WS,DRAM_WS,BFLOAT8_B,L1_WS,,HiFi2,60562.0,
1676288,32,4096,4096,4096,64,80405.0,DRAM-sharded,,,L1_WS,DRAM_WS,BFLOAT8_B,L1_WS,,HiFi2,60562.0,
1461248,32,4096,4096,4096,64,80396.0,DRAM-sharded,,,L1_WS,DRAM_WS,BFLOAT8_B,L1_WS,,HiFi2,60562.0,
1491968,32,4096,4096,4096,64,80389.0,DRAM-sharded,,,L1_WS,DRAM_WS,BFLOAT8_B,L1_WS,,HiFi2,60562.0,
1584128,32,4096,4096,4096,64,80385.0,DRAM-sharded,,,L1_WS,DRAM_WS,BFLOAT8_B,L1_WS,,HiFi2,60562.0,
1553408,32,4096,4096,4096,64,80347.0,DRAM-sharded,,,L1_WS,DRAM_WS,BFLOAT8_B,L1_WS,,HiFi2,60562.0,
2106368,32,4096,4096,4096,64,80284.0,DRAM-sharded,,,L1_WS,DRAM_WS,BFLOAT8_B,L1_WS,,HiFi2,60562.0,
1922048,32,4096,4096,4096,64,80214.0,DRAM-sharded,,,L1_WS,DRAM_WS,BFLOAT8_B,L1_WS,,HiFi2,60562.0,
1952768,32,4096,4096,4096,64,80207.0,DRAM-sharded,,,L1_WS,DRAM_WS,BFLOAT8_B,L1_WS,,HiFi2,60562.0,
1614848,32,4096,4096,4096,64,80123.0,DRAM-sharded,,,L1_WS,DRAM_WS,BFLOAT8_B,L1_WS,,HiFi2,60562.0,
2290688,32,4096,4096,4096,64,79977.0,DRAM-sharded,,,L1_WS,DRAM_WS,BFLOAT8_B,L1_WS,,HiFi2,60562.0,
