model,baseline,role,K,N,n_ds,n_nods,n_nods_activated,act,act_cost_us,fair,biased,cores_ds,cfg_ds,cfg_nods,w_before,w_after,kpc,pcn,weight_MB,ds_us,nods_us,ds_gbs,nods_gbs,penalty,total_ds_us,total_nods_us,delta_us,delta_like_us
falcon3_1b,clean,o_proj,2048,2048,18,18,0,,,1,0,64,DRAM-sharded,1D mcast,8,8,8,1,4.456,25.601,22.853,174.1,195.0,1.1202,460.81,411.36,49.45,49.45
falcon3_1b,clean,qkv,2048,4096,18,18,0,,,1,0,64,DRAM-sharded,1D mcast,8,8,8,2,8.913,43.396,45.15,205.4,197.4,0.9612,781.13,812.69,-31.56,-31.56
falcon3_1b,clean,gate/up,2048,8192,36,36,18,SILU,7.05,1,0,64,DRAM-sharded,1D mcast,2,8,8,4,17.826,82.593,81.925,215.8,217.6,1.0082,2973.34,3076.12,-102.77,24.04
falcon3_1b,clean,lm_head,2048,131072,1,1,0,,,1,0,64,1D mcast,1D mcast,2,2,2,64,285.213,1519.828,1527.75,187.7,186.7,0.9948,1519.83,1527.75,-7.92,-7.92
falcon3_1b,clean,down,8192,2048,18,18,0,,,1,0,64,DRAM-sharded,1D mcast,8,32,32,1,17.826,87.674,83.818,203.3,212.7,1.046,1578.13,1508.73,69.41,69.41
falcon3_3b,clean,o_proj,3072,3072,22,22,0,,,1,0,64,DRAM-sharded,1D mcast,8,12,12,2,10.027,47.337,53.404,211.8,187.8,0.8864,1041.42,1174.88,-133.46,-133.46
falcon3_3b,clean,qkv,3072,5120,22,22,0,,,1,0,64,DRAM-sharded,1D mcast,2,12,12,3,16.712,79.361,80.577,210.6,207.4,0.9849,1745.94,1772.7,-26.76,-26.76
falcon3_3b,clean,gate/up,3072,9216,44,44,22,SILU,7.93,1,0,64,DRAM-sharded,1D mcast,2,12,12,5,30.081,132.202,140.247,227.5,214.5,0.9426,5816.91,6345.26,-528.36,-353.95
falcon3_3b,clean,lm_head,3072,131072,1,1,0,,,1,0,64,1D mcast,1D mcast,2,2,2,64,427.819,2299.148,2309.889,186.1,185.2,0.9953,2299.15,2309.89,-10.74,-10.74
falcon3_3b,clean,down,9216,3072,22,22,0,,,1,0,64,DRAM-sharded,1D mcast,8,36,36,2,30.081,128.732,150.601,233.7,199.7,0.8548,2832.11,3313.22,-481.11,-481.11
falcon3_7b,clean,o_proj,3072,3072,28,28,0,,,1,0,64,DRAM-sharded,1D mcast,8,12,12,2,10.027,47.383,53.626,211.6,187.0,0.8836,1326.72,1501.52,-174.8,-174.8
falcon3_7b,clean,qkv,3072,5120,28,28,0,,,1,0,64,DRAM-sharded,1D mcast,2,12,12,3,16.712,79.179,80.94,211.1,206.5,0.9782,2217.01,2266.33,-49.33,-49.32
falcon3_7b,clean,gate/up,3072,23040,56,56,28,SILU,19.46,1,0,64,DRAM-sharded,1D mcast,2,3,12,12,75.203,325.51,377.795,231.0,199.1,0.8616,18228.58,21701.3,-3472.72,-2927.94
falcon3_7b,clean,lm_head,3072,131072,1,1,0,,,1,0,63,1D mcast,1D mcast,2,2,2,64,427.819,2297.384,2271.077,186.2,188.4,1.0116,2297.38,2271.08,26.31,26.31
falcon3_7b,clean,down,23040,3072,28,28,0,,,1,0,64,DRAM-sharded,1D mcast,8,30,90,2,75.203,295.258,370.3,254.7,203.1,0.7973,8267.23,10368.41,-2101.18,-2101.18
llama_3_1_8b,clean,o_proj,4096,4096,32,32,0,,,1,0,64,DRAM-sharded,1D mcast,8,16,16,2,17.826,80.675,88.211,221.0,202.1,0.9146,2581.61,2822.76,-241.16,-241.16
llama_3_1_8b,clean,qkv,4096,6144,32,32,0,,,1,0,64,DRAM-sharded,1D mcast,2,16,16,3,26.739,115.338,124.751,231.8,214.3,0.9245,3690.81,3992.04,-301.23,-301.23
llama_3_1_8b,clean,gate/up,4096,14336,64,64,32,SILU,10.9,1,0,64,DRAM-sharded,1D mcast,2,8,16,7,33.03,142.963,160.272,231.0,206.1,0.892,9149.62,10606.37,-1456.75,-1107.8
llama_3_1_8b,clean,lm_head,4096,128256,1,1,0,,,1,0,63,1D mcast,1D mcast,2,2,2,63,558.17,2976.964,2965.57,187.5,188.2,1.0038,2976.96,2965.57,11.39,11.39
llama_3_1_8b,clean,down,14336,4096,32,32,0,,,1,0,64,DRAM-sharded,1D mcast,8,14,56,2,62.39,252.721,301.501,246.9,206.9,0.8382,8087.08,9648.04,-1560.96,-1560.96
llama_3_2_1b,clean,o_proj,2048,2048,16,16,0,,,1,0,64,DRAM-sharded,1D mcast,8,8,8,1,4.456,25.657,23.452,173.7,190.0,1.094,410.51,375.23,35.28,35.28
llama_3_2_1b,clean,qkv,2048,3072,16,16,0,,,1,0,64,DRAM-sharded,1D mcast,8,8,8,2,6.685,32.555,36.6,205.3,182.6,0.8895,520.88,585.6,-64.72,-64.72
llama_3_2_1b,clean,gate/up,2048,8192,32,32,16,SILU,6.69,1,0,64,DRAM-sharded,1D mcast,2,8,8,4,17.826,82.521,82.252,216.0,216.7,1.0033,2640.67,2739.2,-98.53,8.59
llama_3_2_1b,clean,lm_head,2048,128256,1,1,0,,,1,0,64,1D mcast,1D mcast,2,2,2,63,279.085,1493.41,1472.245,186.9,189.6,1.0144,1493.41,1472.24,21.16,21.16
llama_3_2_1b,clean,down,8192,2048,16,16,0,,,1,0,64,DRAM-sharded,1D mcast,8,32,32,1,17.826,87.661,83.427,203.4,213.7,1.0508,1402.57,1334.83,67.74,67.74
llama_3_2_3b,clean,o_proj,3072,3072,28,28,0,,,1,0,64,DRAM-sharded,1D mcast,8,12,12,2,10.027,47.032,53.528,213.2,187.3,0.8786,1316.91,1498.79,-181.88,-181.89
llama_3_2_3b,clean,qkv,3072,5120,28,28,0,,,1,0,64,DRAM-sharded,1D mcast,2,12,12,3,16.712,79.484,80.671,210.3,207.2,0.9853,2225.55,2258.78,-33.23,-33.23
llama_3_2_3b,clean,gate/up,3072,8192,56,56,28,SILU,6.72,1,0,64,DRAM-sharded,1D mcast,2,12,12,4,26.739,121.841,122.665,219.5,218.0,0.9933,6823.09,7057.39,-234.31,-46.18
llama_3_2_3b,clean,lm_head,3072,128256,1,1,0,,,1,0,64,1D mcast,1D mcast,2,2,2,63,418.628,2232.974,2195.872,187.5,190.6,1.0169,2232.97,2195.87,37.1,37.1
llama_3_2_3b,clean,down,8192,3072,28,28,0,,,1,0,64,DRAM-sharded,1D mcast,8,32,32,2,26.739,114.192,135.514,234.2,197.3,0.8427,3197.37,3794.4,-597.03,-597.03
mistral_7b,clean,o_proj,4096,4096,32,32,0,,,1,0,64,DRAM-sharded,1D mcast,8,16,16,2,17.826,80.704,88.569,220.9,201.3,0.9112,2582.53,2834.2,-251.66,-251.66
mistral_7b,clean,qkv,4096,6144,32,32,0,,,1,0,64,DRAM-sharded,1D mcast,2,16,16,3,26.739,115.283,125.028,231.9,213.9,0.9221,3689.05,4000.9,-311.86,-311.86
mistral_7b,clean,gate/up,4096,14336,64,64,32,SILU,11.18,1,0,64,DRAM-sharded,1D mcast,2,4,16,7,62.39,258.887,291.147,241.0,214.3,0.8892,16568.76,18991.13,-2422.36,-2064.66
mistral_7b,clean,lm_head,4096,32768,1,1,0,,,1,0,63,DRAM-sharded,1D mcast,2,1,16,16,142.606,1299.775,685.248,109.7,208.1,1.8968,1299.78,685.25,614.53,614.53
mistral_7b,clean,down,14336,4096,32,32,0,,,1,0,64,DRAM-sharded,1D mcast,8,14,56,2,62.39,252.645,301.399,246.9,207.0,0.8382,8084.65,9644.77,-1560.12,-1560.12
qwen_2_5_0_5b,clean,o_proj,896,896,24,24,0,,,1,0,28,1D mcast,1D mcast,4,4,1,1,0.853,11.067,11.077,77.1,77.0,0.9991,265.62,265.85,-0.23,-0.23
qwen_2_5_0_5b,clean,qkv,896,1152,24,24,0,,,1,1,36,1D mcast,1D mcast,4,4,4,1,1.097,11.563,11.575,94.8,94.7,0.999,277.52,277.79,-0.28,-0.28
qwen_2_5_0_5b,clean,gate/up,896,4864,48,48,24,SILU,6.09,1,0,51,1D mcast,1D mcast,2,2,4,3,4.631,23.528,23.543,196.8,196.7,0.9993,1279.57,1276.18,3.39,-0.74
qwen_2_5_0_5b,clean,lm_head,896,151936,1,1,0,,,1,0,64,1D mcast,1D mcast,2,2,4,75,144.643,792.096,788.087,182.6,183.5,1.0051,792.1,788.09,4.01,4.01
qwen_2_5_0_5b,clean,down,4864,896,24,24,0,,,1,0,64,DRAM-sharded,1D mcast,8,19,19,1,4.631,27.912,31.774,165.9,145.7,0.8784,669.89,762.59,-92.7,-92.7
qwen_2_5_1_5b,fallback,o_proj,1536,1536,28,28,0,,,1,0,64,DRAM-sharded,1D mcast,,6,6,1,2.507,16.3,33.289,153.8,75.3,0.4896,456.4,932.1,-475.7,-475.7
qwen_2_5_1_5b,fallback,qkv,1536,2048,28,28,0,,,1,1,48,1D mcast,1D mcast,,,48,,3.342,51.847,38.175,64.5,87.6,1.3581,1451.7,1068.9,382.81,382.81
qwen_2_5_1_5b,fallback,gate/up,1536,8960,56,56,0,,,1,0,64,DRAM-sharded,1D mcast,,6,6,5,14.623,70.494,79.549,207.4,183.8,0.8862,3947.67,4454.72,-507.06,-507.05
qwen_2_5_1_5b,fallback,lm_head,1536,151936,1,1,0,,,1,0,48,1D mcast,1D mcast,,,1,,247.96,1505.972,1502.606,164.7,165.0,1.0022,1505.97,1502.61,3.37,3.37
qwen_2_5_1_5b,fallback,down,8960,1536,28,28,0,,,1,0,64,DRAM-sharded,1D mcast,,35,35,1,14.623,65.597,173.687,222.9,84.2,0.3777,1836.72,4863.24,-3026.52,-3026.52
qwen_2_5_3b,clean,o_proj,2048,2048,36,36,0,,,1,0,64,DRAM-sharded,1D mcast,8,8,8,1,4.456,25.413,22.925,175.4,194.4,1.1085,914.85,825.3,89.55,89.55
qwen_2_5_3b,clean,qkv,2048,2560,36,36,0,,,1,1,40,1D mcast,1D mcast,8,8,1,2,5.571,29.644,29.32,187.9,190.0,1.011,1067.19,1055.53,11.66,11.66
qwen_2_5_3b,clean,gate/up,2048,11008,72,72,36,SILU,9.38,1,0,64,DRAM-sharded,1D mcast,2,8,8,6,23.953,108.911,114.234,219.9,209.7,0.9534,7841.56,8562.48,-720.91,-383.25
qwen_2_5_3b,clean,lm_head,2048,151936,1,1,0,,,1,0,32,1D mcast,1D mcast,2,2,2,75,330.613,1789.737,1797.11,184.7,184.0,0.9959,1789.74,1797.11,-7.37,-7.37
qwen_2_5_3b,clean,down,11008,2048,36,36,0,,,1,0,64,DRAM-sharded,1D mcast,8,43,43,1,23.953,115.484,111.492,207.4,214.8,1.0358,4157.41,4013.7,143.72,143.71
qwen_2_5_7b,fallback,o_proj,3584,3584,28,28,0,,,1,0,64,DRAM-sharded,1D mcast,,14,14,2,13.648,66.839,79.221,204.2,172.3,0.8437,1871.49,2218.18,-346.69,-346.69
qwen_2_5_7b,fallback,qkv,3584,4608,28,28,0,,,1,1,56,1D mcast,1D mcast,,,112,,17.547,89.78,89.0,195.4,197.2,1.0088,2513.83,2492.01,21.82,21.82
qwen_2_5_7b,fallback,gate/up,3584,18944,56,56,0,,,1,0,64,DRAM-sharded,1D mcast,,2,14,10,72.139,376.936,375.067,191.4,192.3,1.005,21108.42,21003.73,104.69,104.69
qwen_2_5_7b,fallback,lm_head,3584,152064,1,1,0,,,1,0,56,1D mcast,1D mcast,,,2,,579.06,3299.632,3294.538,175.5,175.8,1.0015,3299.63,3294.54,5.09,5.09
qwen_2_5_7b,fallback,down,18944,3584,28,28,0,,,1,0,64,DRAM-sharded,1D mcast,,2,74,2,72.139,538.695,397.087,133.9,181.7,1.3566,15083.47,11118.44,3965.03,3965.03
qwen_3_0_6b,clean,gate/up,1024,3072,56,56,28,SILU,2.77,1,0,64,DRAM-sharded,1D mcast,8,4,4,2,3.342,19.214,18.919,174.0,176.7,1.0156,1075.98,1137.08,-61.09,16.54
qwen_3_0_6b,clean,qkv,1024,4096,28,28,0,,,1,0,64,DRAM-sharded,1D mcast,8,4,4,2,4.456,24.911,23.111,178.9,192.8,1.0779,697.5,647.11,50.39,50.39
qwen_3_0_6b,clean,lm_head,1024,151936,1,1,0,,,1,0,60,1D mcast,1D mcast,2,2,2,75,165.306,903.212,886.31,183.0,186.5,1.0191,903.21,886.31,16.9,16.9
qwen_3_0_6b,clean,o_proj,2048,1024,28,28,0,,,1,0,64,DRAM-sharded,1D mcast,8,8,8,1,2.228,15.577,16.319,143.0,136.5,0.9545,436.15,456.92,-20.77,-20.77
qwen_3_0_6b,clean,down,3072,1024,28,28,0,,,1,0,60,DRAM-sharded,1D mcast,8,12,12,1,3.342,19.79,23.2,168.9,144.1,0.853,554.11,649.61,-95.5,-95.5
qwen_3_1_7b,clean,o_proj,2048,2048,28,28,0,,,1,0,60,DRAM-sharded,1D mcast,8,8,8,1,4.456,25.611,23.219,174.0,191.9,1.103,717.1,650.12,66.97,66.98
qwen_3_1_7b,clean,qkv,2048,4096,28,28,0,,,1,0,64,DRAM-sharded,1D mcast,8,8,8,2,8.913,43.422,45.698,205.3,195.0,0.9502,1215.81,1279.54,-63.73,-63.72
qwen_3_1_7b,clean,gate/up,2048,6144,56,56,28,SILU,4.86,1,0,64,DRAM-sharded,1D mcast,2,8,8,3,13.369,60.625,63.469,220.5,210.6,0.9552,3394.99,3690.33,-295.34,-159.27
qwen_3_1_7b,clean,lm_head,2048,151936,1,1,0,,,1,0,52,1D mcast,1D mcast,2,2,2,75,330.613,1784.016,1777.52,185.3,186.0,1.0037,1784.02,1777.52,6.5,6.5
qwen_3_1_7b,clean,down,6144,2048,28,28,0,,,1,0,64,DRAM-sharded,1D mcast,8,24,24,1,13.369,67.434,63.671,198.3,210.0,1.0591,1888.15,1782.8,105.35,105.35
qwen_3_4b,clean,qkv,2560,6144,36,36,0,,,1,0,64,DRAM-sharded,1D mcast,2,10,10,3,16.712,74.935,79.325,223.0,210.7,0.9447,2697.66,2855.72,-158.06,-158.06
qwen_3_4b,clean,gate/up,2560,9728,72,72,36,SILU,7.5,1,0,64,DRAM-sharded,1D mcast,2,10,10,5,26.46,119.856,126.326,220.8,209.5,0.9488,8629.63,9365.58,-735.95,-465.87
qwen_3_4b,clean,lm_head,2560,151936,1,1,0,,,1,0,44,1D mcast,1D mcast,2,2,2,75,413.266,2214.441,2239.645,186.6,184.5,0.9887,2214.44,2239.64,-25.2,-25.2
qwen_3_4b,clean,o_proj,4096,2560,36,36,0,,,1,0,64,DRAM-sharded,1D mcast,8,16,16,2,11.141,53.896,56.156,206.7,198.4,0.9598,1940.27,2021.6,-81.33,-81.33
qwen_3_4b,clean,down,9728,2560,36,36,0,,,1,0,64,DRAM-sharded,1D mcast,8,38,38,2,26.46,119.476,127.244,221.5,207.9,0.939,4301.14,4580.78,-279.65,-279.65
qwen_3_8b,clean,o_proj,4096,4096,36,36,0,,,1,0,64,DRAM-sharded,1D mcast,8,16,16,2,17.826,80.501,88.397,221.4,201.7,0.9107,2898.03,3182.3,-284.27,-284.27
qwen_3_8b,clean,qkv,4096,6144,36,36,0,,,1,0,60,DRAM-sharded,1D mcast,2,16,16,3,26.739,115.207,125.474,232.1,213.1,0.9182,4147.47,4517.06,-369.6,-369.6
qwen_3_8b,clean,gate/up,4096,12288,72,72,36,SILU,9.83,1,0,64,DRAM-sharded,1D mcast,2,8,16,6,53.477,218.077,252.661,245.2,211.7,0.8631,15701.57,18545.34,-2843.77,-2490.03
qwen_3_8b,clean,lm_head,4096,151936,1,1,0,,,1,0,44,1D mcast,1D mcast,2,2,2,75,661.225,3548.037,3526.09,186.4,187.5,1.0062,3548.04,3526.09,21.95,21.95
qwen_3_8b,clean,down,12288,4096,36,36,0,,,1,0,64,DRAM-sharded,1D mcast,8,24,48,2,53.477,221.323,258.202,241.6,207.1,0.8572,7967.65,9295.27,-1327.63,-1327.63
